-5.6701,-5.1618,-5.9148,-6.3673
-5.9362,-5.2471,-6.1848,-6.6249
-6.093,-5.3521,-6.3559,-6.6255
-6.1978,-5.3402,-6.4575,-6.6577
-6.0871,-5.323,-6.3561,-6.5034
-5.9937,-5.3286,-6.2536,-6.4619
-6.0427,-5.3064,-6.265,-6.5675
-6.2273,-5.3376,-6.4043,-6.7341
-6.1916,-5.3555,-6.3819,-6.6348
-6.0612,-5.3454,-6.2651,-6.5664
-6.0206,-5.2963,-6.2563,-6.5809
-5.8494,-5.2851,-6.0759,-6.1202
-5.6107,-5.2733,-5.8692,-5.9976
-5.4455,-5.2574,-5.6745,-5.6959
-5.5297,-5.3147,-5.7679,-5.8212
-5.6108,-5.3182,-5.8742,-6.1776
-5.7128,-5.3115,-5.9531,-6.1942
-5.8812,-5.3209,-6.1299,-6.2799
-5.8322,-5.3122,-6.0507,-6.4244
-5.6574,-5.2657,-5.9327,-6.3558
-5.5967,-5.2959,-5.8447,-6.4269
-5.6753,-5.2977,-5.9016,-6.4902
-5.6724,-5.2583,-5.9739,-6.5669
-5.6268,-5.2726,-5.9242,-6.3606
-5.8038,-5.3307,-6.0473,-6.4352
-6.0109,-5.3469,-6.1926,-6.6007
-5.9454,-5.3522,-6.1884,-6.5115
-5.6989,-5.3162,-5.9384,-6.2192
-5.5858,-5.247,-5.7871,-5.8531
-5.6667,-5.2533,-5.9294,-6.0791
-5.7608,-5.269,-6.0743,-6.321
-5.754,-5.2487,-6.0401,-6.2086
-5.6769,-5.2413,-5.9641,-6.507
-5.7238,-5.2271,-5.9964,-6.4892
-5.6201,-5.2598,-5.8885,-5.8168
-5.5513,-5.2681,-5.7365,-5.765
-5.6853,-5.3218,-5.9236,-6.2859
-5.7418,-5.338,-5.9679,-6.3444
-5.6005,-5.2986,-5.8263,-6.3026
-5.5703,-5.2994,-5.8432,-6.3803
-5.7198,-5.3519,-5.9855,-6.4772
-5.7199,-5.342,-5.9644,-6.4847
-5.9586,-5.3602,-6.1793,-6.5957
-5.9306,-5.3804,-6.167,-6.5754
-5.8341,-5.3487,-6.087,-6.6218
-5.799,-5.3149,-6.0089,-6.151
-5.5403,-5.2789,-5.7319,-5.5565
-5.497,-5.3283,-5.6706,-5.5844
-5.7759,-5.3933,-5.9253,-6.0579
-5.8185,-5.397,-5.9892,-6.3914
-5.9354,-5.4149,-6.1488,-6.5006
-6.0241,-5.4348,-6.2009,-6.3166
-5.9865,-5.4105,-6.1502,-6.3735
-5.9496,-5.4283,-6.1255,-6.3963
-5.7171,-5.4445,-5.9675,-6.3353
-5.5593,-5.3961,-5.7795,-6.0775
-5.5984,-5.409,-5.7758,-6.1964
-5.8259,-5.4811,-5.9422,-6.6669
-6.0132,-5.517,-6.1184,-6.6663
-6.1807,-5.4735,-6.3498,-6.6839
-5.9366,-5.4458,-6.0972,-6.5532
-5.886,-5.4804,-6.0283,-6.6097
-6.0537,-5.4966,-6.1899,-6.7277
-6.012,-5.4945,-6.1535,-6.6237
-5.8801,-5.5075,-6.0023,-6.7014
-5.6183,-5.4827,-5.7902,-6.1962
-5.3707,-5.4552,-5.5931,-6.0997
-5.2974,-5.4087,-5.5637,-6.0615
-5.4814,-5.4699,-5.7189,-6.132
-5.6193,-5.4025,-5.8584,-5.612
-5.7212,-5.1978,-5.9087,-5.8472
-5.6587,-5.1845,-5.935,-6.4101
-5.6247,-5.2169,-5.9005,-6.4104
-5.6438,-5.2233,-5.8901,-6.0197
-5.7282,-5.2576,-5.9946,-6.0813
-5.9058,-5.2676,-6.1545,-6.6717
-5.7683,-5.2063,-6.0393,-6.1619
-5.8083,-5.203,-6.0873,-6.1582
-5.9724,-5.2456,-6.2309,-6.5772
-5.9464,-5.2623,-6.162,-6.5456
-5.8397,-5.2555,-6.0487,-6.4623
-5.8662,-5.2569,-6.0644,-6.4848
-5.7796,-5.2457,-5.9528,-6.1317
-5.6852,-5.2424,-5.8768,-6.1295
-5.7842,-5.2706,-5.9241,-6.2066
-5.8023,-5.2355,-6.0014,-6.1618
-5.9994,-5.2853,-6.1856,-6.654
-5.992,-5.3097,-6.2042,-6.7161
-6.0232,-5.2901,-6.1976,-6.5971
-5.9421,-5.2683,-6.0875,-6.54
-5.912,-5.2813,-6.039,-6.5645
-5.8383,-5.2718,-6.0364,-6.4936
-5.7834,-5.2701,-6.0266,-6.4784
-5.89,-5.2861,-6.1328,-6.532
-5.9052,-5.2593,-6.0724,-6.4913
-5.9315,-5.2376,-6.0606,-6.3921
-5.8127,-5.2295,-6.0246,-6.4159
-5.8042,-5.2393,-6.0211,-6.3183
-5.801,-5.275,-6.0181,-6.3277
-5.7781,-5.2568,-5.9791,-6.4588
-5.9015,-5.2268,-6.0804,-6.5958
-5.9106,-5.2429,-6.0798,-6.5239
-5.9136,-5.2344,-6.0838,-6.4173
-5.8479,-5.2416,-6.0155,-6.5253
-5.5694,-5.1684,-5.8194,-5.4157
-5.0965,-5.0411,-5.3842,-5.5748
-5.3349,-5.1513,-5.6017,-5.8485
-5.5521,-5.1827,-5.7681,-6.0565
-5.3609,-5.123,-5.625,-5.9566
-5.3297,-5.158,-5.6367,-5.9725
-5.505,-5.2194,-5.7685,-6.2215
-5.5208,-5.2198,-5.7678,-6.2328
-5.4244,-5.0991,-5.6785,-5.8119
-5.5376,-5.2173,-5.8188,-6.3609
-5.7995,-5.2283,-6.0247,-6.5734
-5.8555,-5.2482,-6.0795,-6.4562
-5.574,-5.1941,-5.8142,-5.8062
-5.4792,-5.2326,-5.7606,-5.8052
-5.7623,-5.2874,-6.0334,-6.1628
-5.8367,-5.315,-6.0374,-6.471
-5.9128,-5.3559,-6.0775,-6.5404
-5.7382,-5.1624,-5.9548,-6.2932
-5.6644,-5.2239,-5.86,-6.1932
-5.52,-5.3336,-5.7397,-5.7321
-5.3337,-5.204,-5.6062,-5.6102
-5.3042,-5.226,-5.538,-5.6817
-5.378,-5.395,-5.6255,-5.8072
-5.5164,-5.4632,-5.7905,-5.9487
-5.4028,-5.3822,-5.5529,-5.7845
-5.4871,-5.351,-5.587,-5.8988
-5.7984,-5.4227,-5.8844,-6.3971
-5.8693,-5.423,-5.9812,-6.4998
-6.0066,-5.4792,-6.1795,-6.5066
-5.7793,-5.4598,-5.9532,-6.5498
-5.6837,-5.4515,-5.8295,-6.5035
-5.6017,-5.4949,-5.7423,-6.3871
-5.6998,-5.4625,-5.8292,-6.4319
-5.538,-5.3613,-5.7377,-6.0664
-5.4861,-5.3664,-5.7473,-6.0432
-5.585,-5.3771,-5.8593,-5.7766
